Name,Full Name,Sector,Industry
AALI,Astra Agro Lestari Tbk.,AGRICULTURE,Plantation
ABBA,Mahaka Media Tbk.,TRADE, SEVICES & INVESTMENT,Advertising, Printing and Media
ABDA,Asuransi Bina Dana Arta Tbk.,FINANCE,Insurance
ABMM,ABM Investama Tbk.,TRADE, SEVICES & INVESTMENT,Investment Company
ACES,Ace Hardware Indonesia Tbk.,TRADE, SEVICES & INVESTMENT,Retail Trade
ACST,Acset Indonusa Tbk.,PROPERTY AND REAL ESTATE,Building Construction
ADES,Akasha Wira International Tbk.,CONSUMER GOODS INDUSTRY,Food and Beverages
ADHI,Adhi Karya (Persero) Tbk.,PROPERTY AND REAL ESTATE,Building Construction
ADMF,Adira Dinamika Multi Finance Tbk.,FINANCE,Financial Institution
ADMG,Polychem Indonesia Tbk,BASIC INDUSTRY AND CHEMICALS,Chemicals
ADRO,Adaro Energy Tbk.,MINING,Coal Mining
AGAR,Asia Sejahtera Mina Tbk.,TRADE, SEVICES & INVESTMENT,Wholesale (Durable Goods)
AGII,Aneka Gas Industri Tbk.,BASIC INDUSTRY AND CHEMICALS,Chemicals
AGRO,Bank Rakyat Indonesia Agroniaga Tbk.,FINANCE,Bank
AGRS,Bank IBK Indonesia Tbk.,FINANCE,Bank
AHAP,Asuransi Harta Aman Pratama Tbk.,FINANCE,Insurance
AIMS,Akbar Indo Makmur Stimec Tbk,TRADE, SEVICES & INVESTMENT,Wholesale (Durable Goods)
AISA,Tiga Pilar Sejahtera Food Tbk.,CONSUMER GOODS INDUSTRY,Food and Beverages
AKKU,Anugerah Kagum Karya Utama Tbk.,TRADE, SEVICES & INVESTMENT,Restaurant, Hotel & Tourism
AKPI,Argha Karya Prima Industry Tbk.,BASIC INDUSTRY AND CHEMICALS,Plastics
AKRA,AKR Corporindo Tbk.,TRADE, SEVICES & INVESTMENT,Wholesale (Durable Goods)
AKSI,Maming Enam Sembilan Mineral Tbk.,INFRASTRUCTURE, UTILITIES & TRANSPORTAT,Transportation
ALDO,Alkindo Naratama Tbk.,BASIC INDUSTRY AND CHEMICALS,Pulp and Paper
ALKA,Alakasa Industrindo Tbk,BASIC INDUSTRY AND CHEMICALS,Metaland Allied Products
ALMI,Alumindo Light Metal Industry Tbk.,BASIC INDUSTRY AND CHEMICALS,Metaland Allied Products
ALTO,Tri Banyan Tirta Tbk.,CONSUMER GOODS INDUSTRY,Food and Beverages
AMAG,Asuransi Multi Artha Guna Tbk.,FINANCE,Insurance
AMAN,Makmur Berkah Amanda Tbk.,PROPERTY AND REAL ESTATE,Property and Real Estates
AMAR,Bank Amar Indonesia Tbk.,FINANCE,Bank
AMFG,Asahimas Flat Glass Tbk.,BASIC INDUSTRY AND CHEMICALS,Ceramics, Glass, Porcelain
AMIN,Ateliers Mecaniques D Indonesie Tbk.,MISCELLANEOUS INDUSTRY,Machinery and Heavy Equipment
AMOR,Ashmore Asset Management Indonesia Tbk.,FINANCE,Securities Company
AMRT,Sumber Alfaria Trijaya Tbk.,TRADE, SEVICES & INVESTMENT,Retail Trade
ANDI,Andira Agro Tbk.,AGRICULTURE,Plantation
ANJT,Austindo Nusantara Jaya Tbk.,AGRICULTURE,Plantation
ANTM,Aneka Tambang Tbk.,MINING,Metal & Mineral Mining
APEX,Apexindo Pratama Duta Tbk.,MINING,Crude Petroleum & Natural Gas Production
APIC,Pacific Strategic Financial Tbk.,FINANCE,Others Finance
APII,Arita Prima Indonesia Tbk.,TRADE, SEVICES & INVESTMENT,Wholesale (Durable Goods)
APLI,Asiaplast Industries Tbk.,BASIC INDUSTRY AND CHEMICALS,Plastics
APLN,Agung Podomoro Land Tbk.,PROPERTY AND REAL ESTATE,Property and Real Estates
APOL,Arpeni Pratama Ocean Line Tbk.,INFRASTRUCTURE, UTILITIES & TRANSPORTAT,Transportation
ARGO,Argo Pantes Tbk,MISCELLANEOUS INDUSTRY,Textile, Garment
ARII,Atlas Resources Tbk.,MINING,Coal Mining
ARKA,Arkha Jayanti Persada Tbk.,MISCELLANEOUS INDUSTRY,Machinery and Heavy Equipment
ARMY,Armidian Karyatama Tbk.,PROPERTY AND REAL ESTATE,Property and Real Estates
ARNA,Arwana Citramulia Tbk.,BASIC INDUSTRY AND CHEMICALS,Ceramics, Glass, Porcelain
ARTA,Arthavest Tbk,TRADE, SEVICES & INVESTMENT,Restaurant, Hotel & Tourism
ARTI,Ratu Prabu Energi Tbk,MINING,Crude Petroleum & Natural Gas Production
ARTO,Bank Jago Tbk.,FINANCE,Bank
ASBI,Asuransi Bintang Tbk.,FINANCE,Insurance
ASDM,Asuransi Dayin Mitra Tbk.,FINANCE,Insurance
ASGR,Astra Graphia Tbk.,TRADE, SEVICES & INVESTMENT,Computer and Services
ASII,Astra International Tbk.,MISCELLANEOUS INDUSTRY,Automotive and Components
ASJT,Asuransi Jasa Tania Tbk.,FINANCE,Insurance
ASMI,Asuransi Kresna Mitra Tbk.,FINANCE,Insurance
ASPI,Andalan Sakti Primaindo Tbk.,PROPERTY AND REAL ESTATE,Property and Real Estates
ASRI,Alam Sutera Realty Tbk.,PROPERTY AND REAL ESTATE,Property and Real Estates
ASRM,Asuransi Ramayana Tbk.,FINANCE,Insurance
ASSA,Adi Sarana Armada Tbk.,INFRASTRUCTURE, UTILITIES & TRANSPORTAT,Transportation
ATIC,Anabatic Technologies Tbk.,TRADE, SEVICES & INVESTMENT,Computer and Services
ATPK,Bara Jaya Internasional Tbk.,MINING,Coal Mining
AUTO,Astra Otoparts Tbk.,MISCELLANEOUS INDUSTRY,Automotive and Components
AYLS,Agro Yasa Lestari Tbk.,TRADE, SEVICES & INVESTMENT,Wholesale (Durable Goods)
BABP,Bank MNC Internasional Tbk.,FINANCE,Bank
BACA,Bank Capital Indonesia Tbk.,FINANCE,Bank
BAJA,Saranacentral Bajatama Tbk.,BASIC INDUSTRY AND CHEMICALS,Metaland Allied Products
BALI,Bali Towerindo Sentra Tbk.,INFRASTRUCTURE, UTILITIES & TRANSPORTAT,Construction
BAPA,Bekasi Asri Pemula Tbk.,PROPERTY AND REAL ESTATE,Property and Real Estates
BAPI,Bhakti Agung Propertindo Tbk.,PROPERTY AND REAL ESTATE,Property and Real Estates
BATA,Sepatu Bata Tbk.,MISCELLANEOUS INDUSTRY,Footwear
BAYU,Bayu Buana Tbk,TRADE, SEVICES & INVESTMENT,Restaurant, Hotel & Tourism
BBCA,Bank Central Asia Tbk.,FINANCE,Bank
BBHI,Bank Harda Internasional Tbk.,FINANCE,Bank
BBKP,Bank Bukopin Tbk.,FINANCE,Bank
BBLD,Buana Finance Tbk.,FINANCE,Financial Institution
BBMD,Bank Mestika Dharma Tbk.,FINANCE,Bank
BBNI,Bank Negara Indonesia (Persero) Tbk.,FINANCE,Bank
BBNP,Bank Nusantara Parahyangan Tbk.,FINANCE,Bank
BBRI,Bank Rakyat Indonesia (Persero) Tbk.,FINANCE,Bank
BBRM,Pelayaran Nasional Bina Buana Raya Tbk.,INFRASTRUCTURE, UTILITIES & TRANSPORTAT,Transportation
BBSI,Bank Bisnis Internasional Tbk.,FINANCE,Bank
BBSS,Bumi Benowo Sukses Sejahtera Tbk.,PROPERTY AND REAL ESTATE,Property and Real Estates
BBTN,Bank Tabungan Negara (Persero) Tbk.,FINANCE,Bank
BBYB,Bank Neo Commerce Tbk.,FINANCE,Bank
BCAP,MNC Kapital Indonesia Tbk.,FINANCE,Others Finance
BCIC,Bank JTrust Indonesia Tbk.,FINANCE,Bank
BCIP,Bumi Citra Permai Tbk.,PROPERTY AND REAL ESTATE,Property and Real Estates
BDMN,Bank Danamon Indonesia Tbk.,FINANCE,Bank
BEEF,Estika Tata Tiara Tbk.,AGRICULTURE,Animal Husbandry
BEKS,Bank Pembangunan Daerah Banten Tbk.,FINANCE,Bank
BELL,Trisula Textile Industries Tbk.,MISCELLANEOUS INDUSTRY,Textile, Garment
BESS,Batulicin Nusantara Maritim Tbk.,INFRASTRUCTURE, UTILITIES & TRANSPORTAT,Transportation
BEST,Bekasi Fajar Industrial Estate Tbk.,PROPERTY AND REAL ESTATE,Property and Real Estates
BFIN,BFI Finance  Indonesia Tbk.,FINANCE,Financial Institution
BGTG,Bank Ganesha Tbk.,FINANCE,Bank
BHAT,Bhakti Multi Artha Tbk.,FINANCE,Insurance
BHIT,MNC Investama Tbk.,TRADE, SEVICES & INVESTMENT,Investment Company
BIKA,Binakarya Jaya Abadi Tbk.,PROPERTY AND REAL ESTATE,Property and Real Estates
BIMA,Primarindo Asia Infrastructure Tbk.,MISCELLANEOUS INDUSTRY,Footwear
BINA,Bank Ina Perdana Tbk.,FINANCE,Bank
BIPI,Astrindo Nusantara Infrastruktur Tbk.,MINING,Crude Petroleum & Natural Gas Production
BIPP,Bhuwanatala Indah Permai Tbk.,PROPERTY AND REAL ESTATE,Property and Real Estates
BIRD,Blue Bird Tbk.,INFRASTRUCTURE, UTILITIES & TRANSPORTAT,Transportation
BISI,BISI International Tbk.,AGRICULTURE,Crops
BJBR,Bank Pembangunan Daerah Jawa Barat dan Banten Tbk.,FINANCE,Bank
BJTM,Bank Pembangunan Daerah Jawa Timur Tbk.,FINANCE,Bank
BKDP,Bukit Darmo Property Tbk,PROPERTY AND REAL ESTATE,Property and Real Estates
BKSL,Sentul City Tbk.,PROPERTY AND REAL ESTATE,Property and Real Estates
BKSW,Bank QNB Indonesia Tbk.,FINANCE,Bank
BLTA,Berlian Laju Tanker Tbk,INFRASTRUCTURE, UTILITIES & TRANSPORTAT,Transportation
BLTZ,Graha Layar Prima Tbk.,TRADE, SEVICES & INVESTMENT,Advertising, Printing and Media
BLUE,Berkah Prima Perkasa Tbk.,TRADE, SEVICES & INVESTMENT,Wholesale (Durable Goods)
BM05,Benchmark Bond 05,FINANCE,Others Finance
BM10,Benchmark Bond 10,FINANCE,Others Finance
BMAS,Bank Maspion Indonesia Tbk.,FINANCE,Bank
BMRI,Bank Mandiri (Persero) Tbk.,FINANCE,Bank
BMSR,Bintang Mitra Semestaraya Tbk,TRADE, SEVICES & INVESTMENT,Wholesale (Durable Goods)
BMTR,Global Mediacom Tbk.,TRADE, SEVICES & INVESTMENT,Investment Company
BNBA,Bank Bumi Arta Tbk.,FINANCE,Bank
BNBR,Bakrie & Brothers Tbk,TRADE, SEVICES & INVESTMENT,Investment Company
BNGA,Bank CIMB Niaga Tbk.,FINANCE,Bank
BNII,Bank Maybank Indonesia Tbk.,FINANCE,Bank
BNLI,Bank Permata Tbk.,FINANCE,Bank
BOGA,Bintang Oto Global Tbk.,TRADE, SEVICES & INVESTMENT,Wholesale (Durable Goods)
BOLA,Bali Bintang Sejahtera Tbk.,TRADE, SEVICES & INVESTMENT,Others Trade, Service & Investment
BOLT,Garuda Metalindo Tbk.,MISCELLANEOUS INDUSTRY,Automotive and Components
BORN,Borneo Lumbung Energi & Metal Tbk.,MINING,Coal Mining
BOSS,Borneo Olah Sarana Sukses Tbk.,MINING,Coal Mining
BPFI,Batavia Prosperindo Finance Tbk.,FINANCE,Financial Institution
BPII,Batavia Prosperindo Internasional Tbk.,FINANCE,Others Finance
BPTR,Batavia Prosperindo Trans Tbk.,INFRASTRUCTURE, UTILITIES & TRANSPORTAT,Transportation
BRAM,Indo Kordsa Tbk.,MISCELLANEOUS INDUSTRY,Automotive and Components
BRAU,Berau Coal Energy Tbk.,MINING,Coal Mining
BRIS,Bank BRIsyariah Tbk.,FINANCE,Bank
BRMS,Bumi Resources Minerals Tbk.,MINING,Metal & Mineral Mining
BRNA,Berlina Tbk.,BASIC INDUSTRY AND CHEMICALS,Plastics
BRPT,Barito Pacific Tbk.,BASIC INDUSTRY AND CHEMICALS,Chemicals
BSDE,Bumi Serpong Damai Tbk.,PROPERTY AND REAL ESTATE,Property and Real Estates
BSIM,Bank Sinarmas Tbk.,FINANCE,Bank
BSSR,Baramulti Suksessarana Tbk.,MINING,Coal Mining
BSWD,Bank Of India Indonesia Tbk.,FINANCE,Bank
BTEK,Bumi Teknokultura Unggul Tbk,CONSUMER GOODS INDUSTRY,Food and Beverages
BTEL,Bakrie Telecom Tbk.,INFRASTRUCTURE, UTILITIES & TRANSPORTAT,Telecomunication
BTON,Betonjaya Manunggal Tbk.,BASIC INDUSTRY AND CHEMICALS,Metaland Allied Products
BTPN,Bank BTPN Tbk.,FINANCE,Bank
BTPS,Bank BTPN Syariah Tbk.,FINANCE,Bank
BUDI,Budi Starch & Sweetener Tbk.,CONSUMER GOODS INDUSTRY,Food and Beverages
BUKK,Bukaka Teknik Utama Tbk.,INFRASTRUCTURE, UTILITIES & TRANSPORTAT,Construction
BULL,Buana Lintas Lautan Tbk.,INFRASTRUCTURE, UTILITIES & TRANSPORTAT,Transportation
BUMI,Bumi Resources Tbk.,MINING,Coal Mining
BUVA,Bukit Uluwatu Villa Tbk.,TRADE, SEVICES & INVESTMENT,Restaurant, Hotel & Tourism
BVIC,Bank Victoria International Tbk.,FINANCE,Bank
BWPT,Eagle High Plantations Tbk.,AGRICULTURE,Plantation
BYAN,Bayan Resources Tbk.,MINING,Coal Mining
CAKK,Cahayaputra Asa Keramik Tbk.,BASIC INDUSTRY AND CHEMICALS,Ceramics, Glass, Porcelain
CAMP,Campina Ice Cream Industry Tbk.,CONSUMER GOODS INDUSTRY,Food and Beverages
CANI,Capitol Nusantara Indonesia Tbk.,INFRASTRUCTURE, UTILITIES & TRANSPORTAT,Transportation
CARE,Metro Healthcare Indonesia Tbk.,TRADE, SEVICES & INVESTMENT,Health Care
CARS,Industri dan Perdagangan Bintraco Dharma Tbk.,TRADE, SEVICES & INVESTMENT,Wholesale (Durable Goods)
CASA,Capital Financial Indonesia Tbk.,FINANCE,Others Finance
CASH,Cashlez Worldwide Indonesia Tbk.,TRADE, SEVICES & INVESTMENT,Computer and Services
CASS,Cardig Aero Services Tbk.,INFRASTRUCTURE, UTILITIES & TRANSPORTAT,Toll Road, Airport, Harbor & Allied Prod
CBMF,Cahaya Bintang Medan Tbk.,CONSUMER GOODS INDUSTRY,Houseware
CCSI,Communication Cable Systems Indonesia Tbk.,MISCELLANEOUS INDUSTRY,Cable
CEKA,Wilmar Cahaya Indonesia Tbk.,CONSUMER GOODS INDUSTRY,Food and Beverages
CENT,Centratama Telekomunikasi Indonesia Tbk.,INFRASTRUCTURE, UTILITIES & TRANSPORTAT,Construction
CFIN,Clipan Finance Indonesia Tbk.,FINANCE,Financial Institution
CINT,Chitose Internasional Tbk.,CONSUMER GOODS INDUSTRY,Houseware
CITA,Cita Mineral Investindo Tbk.,MINING,Metal & Mineral Mining
CITY,Natura City Developments Tbk.,PROPERTY AND REAL ESTATE,Property and Real Estates
CKRA,Cakra Mineral Tbk.,MINING,Metal & Mineral Mining
CLAY,Citra Putra Realty Tbk.,TRADE, SEVICES & INVESTMENT,Restaurant, Hotel & Tourism
CLEO,Sariguna Primatirta Tbk.,CONSUMER GOODS INDUSTRY,Food and Beverages
CLPI,Colorpak Indonesia Tbk.,TRADE, SEVICES & INVESTMENT,Wholesale (Durable Goods)
CMNP,Citra Marga Nusaphala Persada Tbk.,INFRASTRUCTURE, UTILITIES & TRANSPORTAT,Toll Road, Airport, Harbor & Allied Prod
CMPP,AirAsia Indonesia Tbk.,INFRASTRUCTURE, UTILITIES & TRANSPORTAT,Transportation
CNKO,Exploitasi Energi Indonesia Tbk.,TRADE, SEVICES & INVESTMENT,Wholesale (Durable Goods)
CNTB,Saham Seri B ( Centex Tbk ),MISCELLANEOUS INDUSTRY,Textile, Garment
CNTX,Century Textile Industry Tbk.,MISCELLANEOUS INDUSTRY,Textile, Garment
COCO,Wahana Interfood Nusantara Tbk.,CONSUMER GOODS INDUSTRY,Food and Beverages
COWL,Cowell Development Tbk.,PROPERTY AND REAL ESTATE,Property and Real Estates
CPGT,Citra Maharlika Nusantara Corpora Tbk.,INFRASTRUCTURE, UTILITIES & TRANSPORTAT,Transportation
CPIN,Charoen Pokphand Indonesia Tbk,BASIC INDUSTRY AND CHEMICALS,Animal Feed
CPRI,Capri Nusa Satu Properti Tbk.,PROPERTY AND REAL ESTATE,Property and Real Estates
CPRO,Central Proteina Prima Tbk.,BASIC INDUSTRY AND CHEMICALS,Animal Feed
CSAP,Catur Sentosa Adiprana Tbk.,TRADE, SEVICES & INVESTMENT,Retail Trade
CSIS,Cahayasakti Investindo Sukses Tbk.,PROPERTY AND REAL ESTATE,Building Construction
CSMI,Cipta Selera Murni Tbk.,TRADE, SEVICES & INVESTMENT,Restaurant, Hotel & Tourism
CSRA,Cisadane Sawit Raya Tbk.,AGRICULTURE,Plantation
CTBN,Citra Tubindo Tbk.,BASIC INDUSTRY AND CHEMICALS,Metaland Allied Products
CTRA,Ciputra Development Tbk.,PROPERTY AND REAL ESTATE,Property and Real Estates
CTTH,Citatah Tbk.,MINING,Land/Stone Quarrying
DADA,Diamond Citra Propertindo Tbk.,PROPERTY AND REAL ESTATE,Property and Real Estates
DAJK,Dwi Aneka Jaya Kemasindo Tbk.,BASIC INDUSTRY AND CHEMICALS,Pulp and Paper
DART,Duta Anggada Realty Tbk.,PROPERTY AND REAL ESTATE,Property and Real Estates
DAYA,Duta Intidaya Tbk.,TRADE, SEVICES & INVESTMENT,Retail Trade
DEAL,Dewata Freightinternational Tbk.,INFRASTRUCTURE, UTILITIES & TRANSPORTAT,Transportation
DEFI,Danasupra Erapacific Tbk.,FINANCE,Financial Institution
DEWA,Darma Henwa Tbk,MINING,Coal Mining
DFAM,Dafam Property Indonesia Tbk.,TRADE, SEVICES & INVESTMENT,Restaurant, Hotel & Tourism
DGIK,Nusa Konstruksi Enjiniring Tbk.,PROPERTY AND REAL ESTATE,Building Construction
DIGI,Arkadia Digital Media Tbk.,TRADE, SEVICES & INVESTMENT,Computer and Services
DILD,Intiland Development Tbk.,PROPERTY AND REAL ESTATE,Property and Real Estates
DIVA,Distribusi Voucher Nusantara Tbk.,TRADE, SEVICES & INVESTMENT,Retail Trade
DKFT,Central Omega Resources Tbk.,MINING,Metal & Mineral Mining
DLTA,Delta Djakarta Tbk.,CONSUMER GOODS INDUSTRY,Food and Beverages
DMAS,Puradelta Lestari Tbk.,PROPERTY AND REAL ESTATE,Property and Real Estates
DMMX,Digital Mediatama Maxima Tbk.,TRADE, SEVICES & INVESTMENT,Advertising, Printing and Media
DMND,Diamond Food Indonesia Tbk.,CONSUMER GOODS INDUSTRY,Food and Beverages
DNAR,Bank Oke Indonesia Tbk.,FINANCE,Bank
DNET,Indoritel Makmur Internasional Tbk.,TRADE, SEVICES & INVESTMENT,Computer and Services
DOID,Delta Dunia Makmur Tbk.,MINING,Coal Mining
DPNS,Duta Pertiwi Nusantara Tbk.,BASIC INDUSTRY AND CHEMICALS,Chemicals
DPUM,Dua Putra Utama Makmur Tbk.,TRADE, SEVICES & INVESTMENT,Wholesale (Durable Goods)
DSFI,Dharma Samudera Fishing Industries Tbk.,AGRICULTURE,Fishing
DSNG,Dharma Satya Nusantara Tbk.,AGRICULTURE,Plantation
DSSA,Dian Swastatika Sentosa Tbk,MINING,Coal Mining
DUCK,Jaya Bersama Indo Tbk.,TRADE, SEVICES & INVESTMENT,Restaurant, Hotel & Tourism
DUTI,Duta Pertiwi Tbk,PROPERTY AND REAL ESTATE,Property and Real Estates
DVLA,Darya-Varia Laboratoria Tbk.,CONSUMER GOODS INDUSTRY,Pharmaceuticals
DWGL,Dwi Guna Laksana Tbk.,TRADE, SEVICES & INVESTMENT,Wholesale (Durable Goods)
DYAN,Dyandra Media International Tbk.,TRADE, SEVICES & INVESTMENT,Others Trade, Service & Investment
EAST,Eastparc Hotel Tbk.,TRADE, SEVICES & INVESTMENT,Restaurant, Hotel & Tourism
ECII,Electronic City Indonesia Tbk.,TRADE, SEVICES & INVESTMENT,Retail Trade
EKAD,Ekadharma International Tbk.,BASIC INDUSTRY AND CHEMICALS,Chemicals
ELSA,Elnusa Tbk.,MINING,Crude Petroleum & Natural Gas Production
ELTY,Bakrieland Development Tbk.,PROPERTY AND REAL ESTATE,Property and Real Estates
EMDE,Megapolitan Developments Tbk.,PROPERTY AND REAL ESTATE,Property and Real Estates
EMTK,Elang Mahkota Teknologi Tbk.,TRADE, SEVICES & INVESTMENT,Advertising, Printing and Media
ENRG,Energi Mega Persada Tbk.,MINING,Crude Petroleum & Natural Gas Production
ENVY,Envy Technologies Indonesia Tbk.,TRADE, SEVICES & INVESTMENT,Computer and Services
ENZO,Morenzo Abadi Perkasa Tbk.,CONSUMER GOODS INDUSTRY,Food and Beverages
EPAC,Megalestari Epack Sentosaraya Tbk.,BASIC INDUSTRY AND CHEMICALS,Plastics
EPMT,Enseval Putera Megatrading Tbk.,TRADE, SEVICES & INVESTMENT,Wholesale (Durable Goods)
ERAA,Erajaya Swasembada Tbk.,TRADE, SEVICES & INVESTMENT,Retail Trade
ERTX,Eratex Djaja Tbk.,MISCELLANEOUS INDUSTRY,Textile, Garment
ESIP,Sinergi Inti Plastindo Tbk.,BASIC INDUSTRY AND CHEMICALS,Plastics
ESSA,Surya Esa Perkasa Tbk.,BASIC INDUSTRY AND CHEMICALS,Chemicals
ESTA,Esta Multi Usaha Tbk.,TRADE, SEVICES & INVESTMENT,Restaurant, Hotel & Tourism
ESTI,Ever Shine Tex Tbk.,MISCELLANEOUS INDUSTRY,Textile, Garment
ETWA,Eterindo Wahanatama Tbk,BASIC INDUSTRY AND CHEMICALS,Chemicals
EXCL,XL Axiata Tbk.,INFRASTRUCTURE, UTILITIES & TRANSPORTAT,Telecomunication
FAST,Fast Food Indonesia Tbk.,TRADE, SEVICES & INVESTMENT,Restaurant, Hotel & Tourism
FASW,Fajar Surya Wisesa Tbk.,BASIC INDUSTRY AND CHEMICALS,Pulp and Paper
FILM,MD Pictures Tbk.,TRADE, SEVICES & INVESTMENT,Advertising, Printing and Media
FINN,First Indo American Leasing Tbk.,FINANCE,Financial Institution
FIRE,Alfa Energi Investama Tbk.,MINING,Coal Mining
FISH,FKS Multi Agro Tbk.,TRADE, SEVICES & INVESTMENT,Wholesale (Durable Goods)
FITT,Hotel Fitra International Tbk.,TRADE, SEVICES & INVESTMENT,Restaurant, Hotel & Tourism
FMII,Fortune Mate Indonesia Tbk,PROPERTY AND REAL ESTATE,Property and Real Estates
FOOD,Sentra Food Indonesia Tbk.,CONSUMER GOODS INDUSTRY,Food and Beverages
FORU,Fortune Indonesia Tbk,TRADE, SEVICES & INVESTMENT,Advertising, Printing and Media
FORZ,Forza Land Indonesia Tbk.,PROPERTY AND REAL ESTATE,Property and Real Estates
FPNI,Lotte Chemical Titan Tbk.,BASIC INDUSTRY AND CHEMICALS,Plastics
FREN,Smartfren Telecom Tbk.,INFRASTRUCTURE, UTILITIES & TRANSPORTAT,Telecomunication
FUJI,Fuji Finance Indonesia Tbk.,FINANCE,Financial Institution
GAMA,Aksara Global Development Tbk.,PROPERTY AND REAL ESTATE,Property and Real Estates
GDST,Gunawan Dianjaya Steel Tbk.,BASIC INDUSTRY AND CHEMICALS,Metaland Allied Products
GDYR,Goodyear Indonesia Tbk.,MISCELLANEOUS INDUSTRY,Automotive and Components
GEMA,Gema Grahasarana Tbk.,TRADE, SEVICES & INVESTMENT,Others Trade, Service & Investment
GEMS,Golden Energy Mines Tbk.,MINING,Coal Mining
GGRM,Gudang Garam Tbk.,CONSUMER GOODS INDUSTRY,Tobacco Manufacturers
GGRP,Gunung Raja Paksi Tbk.,BASIC INDUSTRY AND CHEMICALS,Metaland Allied Products
GHON,Gihon Telekomunikasi Indonesia Tbk.,INFRASTRUCTURE, UTILITIES & TRANSPORTAT,Construction
GIAA,Garuda Indonesia (Persero) Tbk.,INFRASTRUCTURE, UTILITIES & TRANSPORTAT,Transportation
GJTL,Gajah Tunggal Tbk.,MISCELLANEOUS INDUSTRY,Automotive and Components
GLOB,Global Teleshop Tbk.,TRADE, SEVICES & INVESTMENT,Retail Trade
GLVA,Galva Technologies Tbk.,TRADE, SEVICES & INVESTMENT,Computer and Services
GMCW,Grahamas Citrawisata Tbk.,TRADE, SEVICES & INVESTMENT,Restaurant, Hotel & Tourism
GMFI,Garuda Maintenance Facility Aero Asia Tbk.,MISCELLANEOUS INDUSTRY,Machinery and Heavy Equipment
GMTD,Gowa Makassar Tourism Development Tbk.,PROPERTY AND REAL ESTATE,Property and Real Estates
GOLD,Visi Telekomunikasi Infrastruktur Tbk.,INFRASTRUCTURE, UTILITIES & TRANSPORTAT,Construction
GOLL,Golden Plantation Tbk.,AGRICULTURE,Plantation
GOOD,Garudafood Putra Putri Jaya Tbk.,CONSUMER GOODS INDUSTRY,Food and Beverages
GPRA,Perdana Gapuraprima Tbk.,PROPERTY AND REAL ESTATE,Property and Real Estates
GREN,Evergreen Invesco Tbk.,TRADE, SEVICES & INVESTMENT,Wholesale (Durable Goods)
GSMF,Equity Development Investment Tbk.,FINANCE,Others Finance
GTBO,Garda Tujuh Buana Tbk,MINING,Coal Mining
GWSA,Greenwood Sejahtera Tbk.,PROPERTY AND REAL ESTATE,Property and Real Estates
GZCO,Gozco Plantations Tbk.,AGRICULTURE,Plantation
HADE,Himalaya Energi Perkasa Tbk.,TRADE, SEVICES & INVESTMENT,Wholesale (Durable Goods)
HDFA,Radana Bhaskara Finance Tbk.,FINANCE,Financial Institution
HDIT,Hensel Davest Indonesia Tbk.,TRADE, SEVICES & INVESTMENT,Wholesale (Durable Goods)
HDTX,Panasia Indo Resources Tbk.,MISCELLANEOUS INDUSTRY,Textile, Garment
HEAL,Medikaloka Hermina Tbk.,TRADE, SEVICES & INVESTMENT,Health Care
HELI,Jaya Trishindo Tbk.,INFRASTRUCTURE, UTILITIES & TRANSPORTAT,Transportation
HERO,Hero Supermarket Tbk.,TRADE, SEVICES & INVESTMENT,Retail Trade
HEXA,Hexindo Adiperkasa Tbk.,TRADE, SEVICES & INVESTMENT,Wholesale (Durable Goods)
HITS,Humpuss Intermoda Transportasi Tbk.,INFRASTRUCTURE, UTILITIES & TRANSPORTAT,Transportation
HKMU,HK Metals Utama Tbk.,TRADE, SEVICES & INVESTMENT,Wholesale (Durable Goods)
HMSP,H.M. Sampoerna Tbk.,CONSUMER GOODS INDUSTRY,Tobacco Manufacturers
HOKI,Buyung Poetra Sembada Tbk.,CONSUMER GOODS INDUSTRY,Food and Beverages
HOME,Hotel Mandarine Regency Tbk.,TRADE, SEVICES & INVESTMENT,Restaurant, Hotel & Tourism
HOMI,Grand House Mulia Tbk.,PROPERTY AND REAL ESTATE,Property and Real Estates
HOTL,Saraswati Griya Lestari Tbk.,TRADE, SEVICES & INVESTMENT,Restaurant, Hotel & Tourism
HRME,Menteng Heritage Realty Tbk.,TRADE, SEVICES & INVESTMENT,Restaurant, Hotel & Tourism
HRTA,Hartadinata Abadi Tbk.,CONSUMER GOODS INDUSTRY,Others Consumer Goods
HRUM,Harum Energy Tbk.,MINING,Coal Mining
IATA,Indonesia Transport & Infrastructure Tbk.,INFRASTRUCTURE, UTILITIES & TRANSPORTAT,Transportation
IBFN,Intan Baruprana Finance Tbk.,FINANCE,Financial Institution
IBST,Inti Bangun Sejahtera Tbk.,INFRASTRUCTURE, UTILITIES & TRANSPORTAT,Construction
ICBP,Indofood CBP Sukses Makmur Tbk.,CONSUMER GOODS INDUSTRY,Food and Beverages
ICON,Island Concepts Indonesia Tbk.,TRADE, SEVICES & INVESTMENT,Restaurant, Hotel & Tourism
IDPR,Indonesia Pondasi Raya Tbk.,PROPERTY AND REAL ESTATE,Building Construction
IFII,Indonesia Fibreboard Industry Tbk.,BASIC INDUSTRY AND CHEMICALS,Wood Industries
IFSH,Ifishdeco Tbk.,MINING,Metal & Mineral Mining
IGAR,Champion Pacific Indonesia Tbk.,BASIC INDUSTRY AND CHEMICALS,Plastics
IIKP,Inti Agri Resources Tbk,CONSUMER GOODS INDUSTRY,Food and Beverages
IKAI,Intikeramik Alamasri Industri Tbk.,TRADE, SEVICES & INVESTMENT,Restaurant, Hotel & Tourism
IKAN,Era Mandiri Cemerlang Tbk.,CONSUMER GOODS INDUSTRY,Food and Beverages
IKBI,Sumi Indo Kabel Tbk.,MISCELLANEOUS INDUSTRY,Cable
IMAS,Indomobil Sukses Internasional Tbk.,MISCELLANEOUS INDUSTRY,Automotive and Components
IMJS,Indomobil Multi Jasa Tbk.,FINANCE,Financial Institution
IMPC,Impack Pratama Industri Tbk.,BASIC INDUSTRY AND CHEMICALS,Plastics
INAF,Indofarma Tbk.,CONSUMER GOODS INDUSTRY,Pharmaceuticals
INAI,Indal Aluminium Industry Tbk.,BASIC INDUSTRY AND CHEMICALS,Metaland Allied Products
INCF,Indo Komoditi Korpora Tbk.,BASIC INDUSTRY AND CHEMICALS,Others Basic and Chemical
INCI,Intanwijaya Internasional Tbk,BASIC INDUSTRY AND CHEMICALS,Chemicals
INCO,Vale Indonesia Tbk.,MINING,Metal & Mineral Mining
INDF,Indofood Sukses Makmur Tbk.,CONSUMER GOODS INDUSTRY,Food and Beverages
INDO,Royalindo Investa Wijaya Tbk.,PROPERTY AND REAL ESTATE,Property and Real Estates
INDR,Indo-Rama Synthetics Tbk.,MISCELLANEOUS INDUSTRY,Textile, Garment
INDS,Indospring Tbk.,MISCELLANEOUS INDUSTRY,Automotive and Components
INDX,Tanah Laut Tbk,TRADE, SEVICES & INVESTMENT,Others Trade, Service & Investment
INDY,Indika Energy Tbk.,MINING,Coal Mining
INKP,Indah Kiat Pulp & Paper Tbk.,BASIC INDUSTRY AND CHEMICALS,Pulp and Paper
INOV,Inocycle Technology Group Tbk.,BASIC INDUSTRY AND CHEMICALS,Others Basic and Chemical
INPC,Bank Artha Graha Internasional Tbk.,FINANCE,Bank
INPP,Indonesian Paradise Property Tbk.,PROPERTY AND REAL ESTATE,Property and Real Estates
INPS,Indah Prakasa Sentosa Tbk.,TRADE, SEVICES & INVESTMENT,Wholesale (Durable Goods)
INRU,Toba Pulp Lestari Tbk.,BASIC INDUSTRY AND CHEMICALS,Pulp and Paper
INTA,Intraco Penta Tbk.,TRADE, SEVICES & INVESTMENT,Wholesale (Durable Goods)
INTD,Inter Delta Tbk,TRADE, SEVICES & INVESTMENT,Wholesale (Durable Goods)
INTP,Indocement Tunggal Prakarsa Tbk.,BASIC INDUSTRY AND CHEMICALS,Cement
IPCC,Indonesia Kendaraan Terminal Tbk.,INFRASTRUCTURE, UTILITIES & TRANSPORTAT,Toll Road, Airport, Harbor & Allied Prod
IPCM,Jasa Armada Indonesia Tbk.,INFRASTRUCTURE, UTILITIES & TRANSPORTAT,Transportation
IPOL,Indopoly Swakarsa Industry Tbk.,BASIC INDUSTRY AND CHEMICALS,Plastics
IPTV,MNC Vision Networks Tbk.,TRADE, SEVICES & INVESTMENT,Advertising, Printing and Media
IRRA,Itama Ranoraya Tbk.,TRADE, SEVICES & INVESTMENT,Wholesale (Durable Goods)
ISAT,Indosat Tbk.,INFRASTRUCTURE, UTILITIES & TRANSPORTAT,Telecomunication
ISSP,Steel Pipe Industry of Indonesia Tbk.,BASIC INDUSTRY AND CHEMICALS,Metaland Allied Products
ITIC,Indonesian Tobacco Tbk.,CONSUMER GOODS INDUSTRY,Tobacco Manufacturers
ITMA,Sumber Energi Andalan Tbk.,TRADE, SEVICES & INVESTMENT,Others Trade, Service & Investment
ITMG,Indo Tambangraya Megah Tbk.,MINING,Coal Mining
ITTG,Leo Investments Tbk.,TRADE, SEVICES & INVESTMENT,Others Trade, Service & Investment
JAST,Jasnita Telekomindo Tbk.,INFRASTRUCTURE, UTILITIES & TRANSPORTAT,Telecomunication
JAWA,Jaya Agra Wattie Tbk.,AGRICULTURE,Plantation
JAYA,Armada Berjaya Trans Tbk.,INFRASTRUCTURE, UTILITIES & TRANSPORTAT,Transportation
JECC,Jembo Cable Company Tbk.,MISCELLANEOUS INDUSTRY,Cable
JGLE,Graha Andrasentra Propertindo Tbk.,TRADE, SEVICES & INVESTMENT,Restaurant, Hotel & Tourism
JIHD,Jakarta International Hotels & Development Tbk.,TRADE, SEVICES & INVESTMENT,Restaurant, Hotel & Tourism
JKON,Jaya Konstruksi Manggala Pratama Tbk.,PROPERTY AND REAL ESTATE,Building Construction
JKSW,Jakarta Kyoei Steel Works Tbk.,BASIC INDUSTRY AND CHEMICALS,Metaland Allied Products
JMAS,Asuransi Jiwa Syariah Jasa Mitra Abadi Tbk.,FINANCE,Insurance
JPFA,Japfa Comfeed Indonesia Tbk.,BASIC INDUSTRY AND CHEMICALS,Animal Feed
JPRS,Jaya Pari Steel Tbk,BASIC INDUSTRY AND CHEMICALS,Metaland Allied Products
JRPT,Jaya Real Property Tbk.,PROPERTY AND REAL ESTATE,Property and Real Estates
JSKY,Sky Energy Indonesia Tbk.,MISCELLANEOUS INDUSTRY,Electronics
JSMR,Jasa Marga (Persero) Tbk.,INFRASTRUCTURE, UTILITIES & TRANSPORTAT,Toll Road, Airport, Harbor & Allied Prod
JSPT,Jakarta Setiabudi Internasional Tbk.,TRADE, SEVICES & INVESTMENT,Restaurant, Hotel & Tourism
JTPE,Jasuindo Tiga Perkasa Tbk.,TRADE, SEVICES & INVESTMENT,Advertising, Printing and Media
KAEF,Kimia Farma Tbk.,CONSUMER GOODS INDUSTRY,Pharmaceuticals
KARW,ICTSI Jasa Prima Tbk.,INFRASTRUCTURE, UTILITIES & TRANSPORTAT,Toll Road, Airport, Harbor & Allied Prod
KAYU,Darmi Bersaudara Tbk.,TRADE, SEVICES & INVESTMENT,Wholesale (Durable Goods)
KBAG,Karya Bersama Anugerah Tbk.,PROPERTY AND REAL ESTATE,Property and Real Estates
KBLI,KMI Wire & Cable Tbk.,MISCELLANEOUS INDUSTRY,Cable
KBLM,Kabelindo Murni Tbk.,MISCELLANEOUS INDUSTRY,Cable
KBLV,First Media Tbk.,TRADE, SEVICES & INVESTMENT,Advertising, Printing and Media
KBRI,Kertas Basuki Rachmat Indonesia Tbk.,BASIC INDUSTRY AND CHEMICALS,Pulp and Paper
KDSI,Kedawung Setia Industrial Tbk.,BASIC INDUSTRY AND CHEMICALS,Pulp and Paper
KEEN,Kencana Energi Lestari Tbk.,INFRASTRUCTURE, UTILITIES & TRANSPORTAT,Energy
KEJU,Mulia Boga Raya Tbk.,CONSUMER GOODS INDUSTRY,Food and Beverages
KIAS,Keramika Indonesia Assosiasi Tbk.,BASIC INDUSTRY AND CHEMICALS,Ceramics, Glass, Porcelain
KICI,Kedaung Indah Can Tbk,CONSUMER GOODS INDUSTRY,Houseware
KIJA,Kawasan Industri Jababeka Tbk.,PROPERTY AND REAL ESTATE,Property and Real Estates
KINO,Kino Indonesia Tbk.,CONSUMER GOODS INDUSTRY,Cosmetics and Household
KIOS,Kioson Komersial Indonesia Tbk.,TRADE, SEVICES & INVESTMENT,Retail Trade
KJEN,Krida Jaringan Nusantara Tbk.,INFRASTRUCTURE, UTILITIES & TRANSPORTAT,Transportation
KKGI,Resource Alam Indonesia Tbk.,MINING,Coal Mining
KLBF,Kalbe Farma Tbk.,CONSUMER GOODS INDUSTRY,Pharmaceuticals
KMDS,Kurniamitra Duta Sentosa Tbk.,TRADE, SEVICES & INVESTMENT,Wholesale (Durable Goods)
KMTR,Kirana Megatara Tbk.,BASIC INDUSTRY AND CHEMICALS,Others Basic and Chemical
KOBX,Kobexindo Tractors Tbk.,TRADE, SEVICES & INVESTMENT,Wholesale (Durable Goods)
KOIN,Kokoh Inti Arebama Tbk,TRADE, SEVICES & INVESTMENT,Retail Trade
KONI,Perdana Bangun Pusaka Tbk,TRADE, SEVICES & INVESTMENT,Wholesale (Durable Goods)
KOPI,Mitra Energi Persada Tbk.,INFRASTRUCTURE, UTILITIES & TRANSPORTAT,Energy
KOTA,DMS Propertindo Tbk.,PROPERTY AND REAL ESTATE,Property and Real Estates
KPAL,Steadfast Marine Tbk.,MISCELLANEOUS INDUSTRY,Machinery and Heavy Equipment
KPAS,Cottonindo Ariesta Tbk.,CONSUMER GOODS INDUSTRY,Cosmetics and Household
KPIG,MNC Land Tbk.,TRADE, SEVICES & INVESTMENT,Restaurant, Hotel & Tourism
KRAH,Grand Kartech Tbk.,MISCELLANEOUS INDUSTRY,Machinery and Heavy Equipment
KRAS,Krakatau Steel (Persero) Tbk.,BASIC INDUSTRY AND CHEMICALS,Metaland Allied Products
KREN,Kresna Graha Investama Tbk.,TRADE, SEVICES & INVESTMENT,Investment Company
LAMI,Lamicitra Nusantara Tbk.,PROPERTY AND REAL ESTATE,Property and Real Estates
LAND,Trimitra Propertindo Tbk.,PROPERTY AND REAL ESTATE,Property and Real Estates
LAPD,Leyand International Tbk.,INFRASTRUCTURE, UTILITIES & TRANSPORTAT,Energy
LCGP,Eureka Prima Jakarta Tbk.,PROPERTY AND REAL ESTATE,Property and Real Estates
LCKM,LCK Global Kedaton Tbk.,INFRASTRUCTURE, UTILITIES & TRANSPORTAT,Construction
LEAD,Logindo Samudramakmur Tbk.,INFRASTRUCTURE, UTILITIES & TRANSPORTAT,Transportation
LIFE,Asuransi Jiwa Sinarmas MSIG Tbk.,FINANCE,Insurance
LINK,Link Net Tbk.,TRADE, SEVICES & INVESTMENT,Advertising, Printing and Media
LION,Lion Metal Works Tbk.,BASIC INDUSTRY AND CHEMICALS,Metaland Allied Products
LMAS,Limas Indonesia Makmur Tbk,TRADE, SEVICES & INVESTMENT,Computer and Services
LMPI,Langgeng Makmur Industri Tbk.,CONSUMER GOODS INDUSTRY,Houseware
LMSH,Lionmesh Prima Tbk.,BASIC INDUSTRY AND CHEMICALS,Metaland Allied Products
LPCK,Lippo Cikarang Tbk,PROPERTY AND REAL ESTATE,Property and Real Estates
LPGI,Lippo General Insurance Tbk.,FINANCE,Insurance
LPIN,Multi Prima Sejahtera Tbk,MISCELLANEOUS INDUSTRY,Automotive and Components
LPKR,Lippo Karawaci Tbk.,PROPERTY AND REAL ESTATE,Property and Real Estates
LPLI,Star Pacific Tbk,TRADE, SEVICES & INVESTMENT,Advertising, Printing and Media
LPPF,Matahari Department Store Tbk.,TRADE, SEVICES & INVESTMENT,Retail Trade
LPPS,Lenox Pasifik Investama Tbk.,FINANCE,Others Finance
LRNA,Eka Sari Lorena Transport Tbk.,INFRASTRUCTURE, UTILITIES & TRANSPORTAT,Transportation
LSIP,PP London Sumatra Indonesia Tbk.,AGRICULTURE,Plantation
LTLS,Lautan Luas Tbk.,TRADE, SEVICES & INVESTMENT,Wholesale (Durable Goods)
LUCK,Sentral Mitra Informatika Tbk.,TRADE, SEVICES & INVESTMENT,Computer and Services
MABA,Marga Abhinaya Abadi Tbk.,PROPERTY AND REAL ESTATE,Property and Real Estates
MAGP,Multi Agro Gemilang Plantation Tbk.,AGRICULTURE,Plantation
MAIN,Malindo Feedmill Tbk.,BASIC INDUSTRY AND CHEMICALS,Animal Feed
MAMI,Mas Murni Indonesia Tbk,TRADE, SEVICES & INVESTMENT,Restaurant, Hotel & Tourism
MAMIP,Mas Murni Tbk (Saham Preferen),TRADE, SEVICES & INVESTMENT,Restaurant, Hotel & Tourism
MAPA,Map Aktif Adiperkasa Tbk.,TRADE, SEVICES & INVESTMENT,Retail Trade
MAPB,MAP Boga Adiperkasa Tbk.,TRADE, SEVICES & INVESTMENT,Restaurant, Hotel & Tourism
MAPI,Mitra Adiperkasa Tbk.,TRADE, SEVICES & INVESTMENT,Retail Trade
MARI,Mahaka Radio Integra Tbk.,TRADE, SEVICES & INVESTMENT,Advertising, Printing and Media
MARK,Mark Dynamics Indonesia Tbk.,BASIC INDUSTRY AND CHEMICALS,Ceramics, Glass, Porcelain
MASA,Multistrada Arah Sarana Tbk.,MISCELLANEOUS INDUSTRY,Automotive and Components
MAYA,Bank Mayapada Internasional Tbk.,FINANCE,Bank
MBAP,Mitrabara Adiperdana Tbk.,MINING,Coal Mining
MBSS,Mitrabahtera Segara Sejati Tbk.,INFRASTRUCTURE, UTILITIES & TRANSPORTAT,Transportation
MBTO,Martina Berto Tbk.,CONSUMER GOODS INDUSTRY,Cosmetics and Household
MCAS,M Cash Integrasi Tbk.,TRADE, SEVICES & INVESTMENT,Retail Trade
MCOR,Bank China Construction Bank Indonesia Tbk.,FINANCE,Bank
MDIA,Intermedia Capital Tbk.,TRADE, SEVICES & INVESTMENT,Advertising, Printing and Media
MDKA,Merdeka Copper Gold Tbk.,MINING,Metal & Mineral Mining
MDKI,Emdeki Utama Tbk.,BASIC INDUSTRY AND CHEMICALS,Chemicals
MDLN,Modernland Realty Tbk.,PROPERTY AND REAL ESTATE,Property and Real Estates
MDRN,Modern Internasional Tbk.,TRADE, SEVICES & INVESTMENT,Wholesale (Durable Goods)
MEDC,Medco Energi Internasional Tbk.,MINING,Crude Petroleum & Natural Gas Production
MEGA,Bank Mega Tbk.,FINANCE,Bank
MERK,Merck Tbk.,CONSUMER GOODS INDUSTRY,Pharmaceuticals
META,Nusantara Infrastructure Tbk.,INFRASTRUCTURE, UTILITIES & TRANSPORTAT,Toll Road, Airport, Harbor & Allied Prod
MFIN,Mandala Multifinance Tbk.,FINANCE,Financial Institution
MFMI,Multifiling Mitra Indonesia Tbk.,TRADE, SEVICES & INVESTMENT,Others Trade, Service & Investment
MGNA,Magna Investama Mandiri Tbk.,TRADE, SEVICES & INVESTMENT,Investment Company
MGRO,Mahkota Group Tbk.,AGRICULTURE,Plantation
MICE,Multi Indocitra Tbk.,TRADE, SEVICES & INVESTMENT,Wholesale (Durable Goods)
MIDI,Midi Utama Indonesia Tbk.,TRADE, SEVICES & INVESTMENT,Retail Trade
MIKA,Mitra Keluarga Karyasehat Tbk.,TRADE, SEVICES & INVESTMENT,Health Care
MINA,Sanurhasta Mitra Tbk.,TRADE, SEVICES & INVESTMENT,Restaurant, Hotel & Tourism
MIRA,Mitra International Resources Tbk.,INFRASTRUCTURE, UTILITIES & TRANSPORTAT,Transportation
MITI,Mitra Investindo Tbk.,MINING,Crude Petroleum & Natural Gas Production
MKNT,Mitra Komunikasi Nusantara Tbk.,TRADE, SEVICES & INVESTMENT,Retail Trade
MKPI,Metropolitan Kentjana Tbk.,PROPERTY AND REAL ESTATE,Property and Real Estates
MLBI,Multi Bintang Indonesia Tbk.,CONSUMER GOODS INDUSTRY,Food and Beverages
MLIA,Mulia Industrindo Tbk,BASIC INDUSTRY AND CHEMICALS,Ceramics, Glass, Porcelain
MLPL,Multipolar Tbk.,TRADE, SEVICES & INVESTMENT,Investment Company
MLPT,Multipolar Technology Tbk.,TRADE, SEVICES & INVESTMENT,Computer and Services
MMLP,Mega Manunggal Property Tbk.,PROPERTY AND REAL ESTATE,Property and Real Estates
MNCN,Media Nusantara Citra Tbk.,TRADE, SEVICES & INVESTMENT,Advertising, Printing and Media
MOLI,Madusari Murni Indah Tbk.,BASIC INDUSTRY AND CHEMICALS,Chemicals
MPMX,Mitra Pinasthika Mustika Tbk.,TRADE, SEVICES & INVESTMENT,Wholesale (Durable Goods)
MPOW,Megapower Makmur Tbk.,INFRASTRUCTURE, UTILITIES & TRANSPORTAT,Energy
MPPA,Matahari Putra Prima Tbk.,TRADE, SEVICES & INVESTMENT,Retail Trade
MPRO,Maha Properti Indonesia Tbk.,PROPERTY AND REAL ESTATE,Property and Real Estates
MRAT,Mustika Ratu Tbk.,CONSUMER GOODS INDUSTRY,Cosmetics and Household
MREI,Maskapai Reasuransi Indonesia Tbk.,FINANCE,Insurance
MSIN,MNC Studios International Tbk.,TRADE, SEVICES & INVESTMENT,Advertising, Printing and Media
MSKY,MNC Sky Vision Tbk.,TRADE, SEVICES & INVESTMENT,Advertising, Printing and Media
MTDL,Metrodata Electronics Tbk.,TRADE, SEVICES & INVESTMENT,Computer and Services
MTFN,Capitalinc Investment Tbk.,MINING,Crude Petroleum & Natural Gas Production
MTLA,Metropolitan Land Tbk.,PROPERTY AND REAL ESTATE,Property and Real Estates
MTPS,Meta Epsi Tbk.,INFRASTRUCTURE, UTILITIES & TRANSPORTAT,Construction
MTRA,Mitra Pemuda Tbk.,PROPERTY AND REAL ESTATE,Building Construction
MTSM,Metro Realty Tbk.,PROPERTY AND REAL ESTATE,Property and Real Estates
MTWI,Malacca Trust Wuwungan Insurance Tbk.,FINANCE,Insurance
MYOH,Samindo Resources Tbk.,MINING,Coal Mining
MYOR,Mayora Indah Tbk.,CONSUMER GOODS INDUSTRY,Food and Beverages
MYRX,Hanson International Tbk.,PROPERTY AND REAL ESTATE,Property and Real Estates
MYRXP,Saham Seri B Hanson International Tbk.,PROPERTY AND REAL ESTATE,Property and Real Estates
MYTX,Asia Pacific Investama Tbk.,MISCELLANEOUS INDUSTRY,Textile, Garment
NAGA,Bank Mitraniaga Tbk.,FINANCE,Bank
NASA,Ayana Land International Tbk.,TRADE, SEVICES & INVESTMENT,Restaurant, Hotel & Tourism
NATO,Nusantara Properti Internasional Tbk.,TRADE, SEVICES & INVESTMENT,Restaurant, Hotel & Tourism
NELY,Pelayaran Nelly Dwi Putri Tbk.,INFRASTRUCTURE, UTILITIES & TRANSPORTAT,Transportation
NFCX,NFC Indonesia Tbk.,TRADE, SEVICES & INVESTMENT,Retail Trade
NICK,Charnic Capital Tbk.,TRADE, SEVICES & INVESTMENT,Investment Company
NIKL,Pelat Timah Nusantara Tbk.,BASIC INDUSTRY AND CHEMICALS,Metaland Allied Products
NIPS,Nipress Tbk.,MISCELLANEOUS INDUSTRY,Automotive and Components
NIRO,City Retail Developments Tbk.,PROPERTY AND REAL ESTATE,Property and Real Estates
NISP,Bank OCBC NISP Tbk.,FINANCE,Bank
NOBU,Bank Nationalnobu Tbk.,FINANCE,Bank
NRCA,Nusa Raya Cipta Tbk.,PROPERTY AND REAL ESTATE,Building Construction
NUSA,Sinergi Megah Internusa Tbk.,TRADE, SEVICES & INVESTMENT,Restaurant, Hotel & Tourism
NZIA,Nusantara Almazia Tbk.,PROPERTY AND REAL ESTATE,Property and Real Estates
OASA,Protech Mitra Perkasa Tbk.,INFRASTRUCTURE, UTILITIES & TRANSPORTAT,Construction
OCAP,Onix Capital Tbk.,TRADE, SEVICES & INVESTMENT,Investment Company
OKAS,Ancora Indonesia Resources Tbk.,TRADE, SEVICES & INVESTMENT,Wholesale (Durable Goods)
OMRE,Indonesia Prima Property Tbk,PROPERTY AND REAL ESTATE,Property and Real Estates
OPMS,Optima Prima Metal Sinergi Tbk.,TRADE, SEVICES & INVESTMENT,Wholesale (Durable Goods)
PADI,Minna Padi Investama Sekuritas Tbk.,FINANCE,Securities Company
PALM,Provident Agro Tbk.,AGRICULTURE,Plantation
PAMG,Bima Sakti Pertiwi Tbk.,PROPERTY AND REAL ESTATE,Property and Real Estates
PANI,Pratama Abadi Nusa Industri Tbk.,CONSUMER GOODS INDUSTRY,Food and Beverages
PANR,Panorama Sentrawisata Tbk.,TRADE, SEVICES & INVESTMENT,Restaurant, Hotel & Tourism
PANS,Panin Sekuritas Tbk.,FINANCE,Securities Company
PBID,Panca Budi Idaman Tbk.,BASIC INDUSTRY AND CHEMICALS,Plastics
PBRX,Pan Brothers Tbk.,MISCELLANEOUS INDUSTRY,Textile, Garment
PBSA,Paramita Bangun Sarana Tbk.,PROPERTY AND REAL ESTATE,Building Construction
PCAR,Prima Cakrawala Abadi Tbk.,CONSUMER GOODS INDUSTRY,Food and Beverages
PDES,Destinasi Tirta Nusantara Tbk,TRADE, SEVICES & INVESTMENT,Restaurant, Hotel & Tourism
PEGE,Panca Global Kapital Tbk.,TRADE, SEVICES & INVESTMENT,Investment Company
PEHA,Phapros Tbk.,CONSUMER GOODS INDUSTRY,Pharmaceuticals
PGAS,Perusahaan Gas Negara Tbk.,INFRASTRUCTURE, UTILITIES & TRANSPORTAT,Energy
PGJO,Tourindo Guide Indonesia Tbk.,TRADE, SEVICES & INVESTMENT,Restaurant, Hotel & Tourism
PGLI,Pembangunan Graha Lestari Indah Tbk.,TRADE, SEVICES & INVESTMENT,Restaurant, Hotel & Tourism
PGUN,Pradiksi Gunatama Tbk.,AGRICULTURE,Plantation
PICO,Pelangi Indah Canindo Tbk,BASIC INDUSTRY AND CHEMICALS,Metaland Allied Products
PJAA,Pembangunan Jaya Ancol Tbk.,TRADE, SEVICES & INVESTMENT,Restaurant, Hotel & Tourism
PKPK,Perdana Karya Perkasa Tbk,MINING,Crude Petroleum & Natural Gas Production
PLAN,Planet Properindo Jaya Tbk.,TRADE, SEVICES & INVESTMENT,Restaurant, Hotel & Tourism
PLAS,Polaris Investama Tbk,TRADE, SEVICES & INVESTMENT,Investment Company
PLIN,Plaza Indonesia Realty Tbk.,PROPERTY AND REAL ESTATE,Property and Real Estates
PMJS,Putra Mandiri Jembar Tbk.,TRADE, SEVICES & INVESTMENT,Wholesale (Durable Goods)
PNBN,Bank Pan Indonesia Tbk,FINANCE,Bank
PNBS,Bank Panin Dubai Syariah Tbk.,FINANCE,Bank
PNGO,Pinago Utama Tbk.,AGRICULTURE,Plantation
PNIN,Paninvest Tbk.,FINANCE,Insurance
PNLF,Panin Financial Tbk.,FINANCE,Others Finance
PNSE,Pudjiadi & Sons Tbk.,TRADE, SEVICES & INVESTMENT,Restaurant, Hotel & Tourism
POLA,Pool Advista Finance Tbk.,FINANCE,Financial Institution
POLI,Pollux Investasi Internasional Tbk.,PROPERTY AND REAL ESTATE,Property and Real Estates
POLL,Pollux Properti Indonesia Tbk.,PROPERTY AND REAL ESTATE,Property and Real Estates
POLU,Golden Flower Tbk.,MISCELLANEOUS INDUSTRY,Textile, Garment
POLY,Asia Pacific Fibers Tbk,MISCELLANEOUS INDUSTRY,Textile, Garment
POOL,Pool Advista Indonesia Tbk.,TRADE, SEVICES & INVESTMENT,Investment Company
PORT,Nusantara Pelabuhan Handal Tbk.,INFRASTRUCTURE, UTILITIES & TRANSPORTAT,Transportation
POSA,Bliss Properti Indonesia Tbk.,PROPERTY AND REAL ESTATE,Property and Real Estates
POWR,Cikarang Listrindo Tbk.,INFRASTRUCTURE, UTILITIES & TRANSPORTAT,Energy
PPGL,Prima Globalindo Logistik Tbk.,INFRASTRUCTURE, UTILITIES & TRANSPORTAT,Transportation
PPRE,PP Presisi Tbk.,INFRASTRUCTURE, UTILITIES & TRANSPORTAT,Construction
PPRO,PP Properti Tbk.,PROPERTY AND REAL ESTATE,Property and Real Estates
PRAS,Prima Alloy Steel Universal Tbk.,MISCELLANEOUS INDUSTRY,Automotive and Components
PRDA,Prodia Widyahusada Tbk.,TRADE, SEVICES & INVESTMENT,Health Care
PRIM,Royal Prima Tbk.,TRADE, SEVICES & INVESTMENT,Health Care
PSAB,J Resources Asia Pasifik Tbk.,MINING,Metal & Mineral Mining
PSDN,Prasidha Aneka Niaga Tbk,CONSUMER GOODS INDUSTRY,Food and Beverages
PSGO,Palma Serasih Tbk.,AGRICULTURE,Plantation
PSKT,Red Planet Indonesia Tbk.,TRADE, SEVICES & INVESTMENT,Restaurant, Hotel & Tourism
PSSI,Pelita Samudera Shipping Tbk.,INFRASTRUCTURE, UTILITIES & TRANSPORTAT,Transportation
PTBA,Bukit Asam Tbk.,MINING,Coal Mining
PTIS,Indo Straits Tbk.,INFRASTRUCTURE, UTILITIES & TRANSPORTAT,Transportation
PTPP,PP (Persero) Tbk.,PROPERTY AND REAL ESTATE,Building Construction
PTPW,Pratama Widya Tbk.,INFRASTRUCTURE, UTILITIES & TRANSPORTAT,Construction
PTRO,Petrosea Tbk.,MINING,Coal Mining
PTSN,Sat Nusapersada Tbk,MISCELLANEOUS INDUSTRY,Electronics
PTSP,Pioneerindo Gourmet International Tbk.,TRADE, SEVICES & INVESTMENT,Restaurant, Hotel & Tourism
PUDP,Pudjiadi Prestige Tbk.,PROPERTY AND REAL ESTATE,Property and Real Estates
PURA,Putra Rajawali Kencana Tbk.,INFRASTRUCTURE, UTILITIES & TRANSPORTAT,Transportation
PURE,Trinitan Metals and Minerals Tbk.,BASIC INDUSTRY AND CHEMICALS,Metaland Allied Products
PURI,Puri Global Sukses Tbk.,PROPERTY AND REAL ESTATE,Property and Real Estates
PWON,Pakuwon Jati Tbk.,PROPERTY AND REAL ESTATE,Property and Real Estates
PYFA,Pyridam Farma Tbk,CONSUMER GOODS INDUSTRY,Pharmaceuticals
PZZA,Sarimelati Kencana Tbk.,TRADE, SEVICES & INVESTMENT,Restaurant, Hotel & Tourism
R-ABFII,Asian Bond Fund - Indonesia Bond Index Fund,FINANCE,Investment Fund/Mutual Fund
R-LQ45X,Premier ETF LQ-45 (R-LQ45X),FINANCE,Investment Fund/Mutual Fund
RAJA,Rukun Raharja Tbk.,INFRASTRUCTURE, UTILITIES & TRANSPORTAT,Energy
RALS,Ramayana Lestari Sentosa Tbk.,TRADE, SEVICES & INVESTMENT,Retail Trade
RANC,Supra Boga Lestari Tbk.,TRADE, SEVICES & INVESTMENT,Retail Trade
RBMS,Ristia Bintang Mahkotasejati Tbk.,PROPERTY AND REAL ESTATE,Property and Real Estates
RDTX,Roda Vivatex Tbk,PROPERTY AND REAL ESTATE,Property and Real Estates
REAL,Repower Asia Indonesia Tbk.,PROPERTY AND REAL ESTATE,Property and Real Estates
RELI,Reliance Sekuritas Indonesia Tbk.,FINANCE,Securities Company
RICY,Ricky Putra Globalindo Tbk,MISCELLANEOUS INDUSTRY,Textile, Garment
RIGS,Rig Tenders Indonesia Tbk.,INFRASTRUCTURE, UTILITIES & TRANSPORTAT,Transportation
RIMO,Rimo International Lestari Tbk,PROPERTY AND REAL ESTATE,Property and Real Estates
RISE,Jaya Sukses Makmur Sentosa Tbk.,PROPERTY AND REAL ESTATE,Property and Real Estates
RMBA,Bentoel Internasional Investama Tbk.,CONSUMER GOODS INDUSTRY,Tobacco Manufacturers
ROCK,Rockfields Properti Indonesia Tbk.,PROPERTY AND REAL ESTATE,Property and Real Estates
RODA,Pikko Land Development Tbk.,PROPERTY AND REAL ESTATE,Property and Real Estates
RONY,Aesler Grup Internasional Tbk.,TRADE, SEVICES & INVESTMENT,Others Trade, Service & Investment
ROTI,Nippon Indosari Corpindo Tbk.,CONSUMER GOODS INDUSTRY,Food and Beverages
RUIS,Radiant Utama Interinsco Tbk.,MINING,Crude Petroleum & Natural Gas Production
SAFE,Steady Safe Tbk,INFRASTRUCTURE, UTILITIES & TRANSPORTAT,Transportation
SAME,Sarana Meditama Metropolitan Tbk.,TRADE, SEVICES & INVESTMENT,Health Care
SAMF,Saraswanti Anugerah Makmur Tbk.,BASIC INDUSTRY AND CHEMICALS,Chemicals
SAPX,Satria Antaran Prima Tbk.,INFRASTRUCTURE, UTILITIES & TRANSPORTAT,Transportation
SATU,Kota Satu Properti Tbk.,PROPERTY AND REAL ESTATE,Property and Real Estates
SBAT,Sejahtera Bintang Abadi Textile Tbk.,MISCELLANEOUS INDUSTRY,Textile, Garment
SCBD,Danayasa Arthatama Tbk.,PROPERTY AND REAL ESTATE,Property and Real Estates
SCCO,Supreme Cable Manufacturing & Commerce Tbk.,MISCELLANEOUS INDUSTRY,Cable
SCMA,Surya Citra Media Tbk.,TRADE, SEVICES & INVESTMENT,Advertising, Printing and Media
SCNP,Selaras Citra Nusantara Perkasa Tbk.,MISCELLANEOUS INDUSTRY,Electronics
SCPI,Merck Sharp Dohme Pharma Tbk.,CONSUMER GOODS INDUSTRY,Pharmaceuticals
SDMU,Sidomulyo Selaras Tbk.,INFRASTRUCTURE, UTILITIES & TRANSPORTAT,Transportation
SDPC,Millennium Pharmacon International Tbk.,TRADE, SEVICES & INVESTMENT,Wholesale (Durable Goods)
SDRA,Bank Woori Saudara Indonesia 1906 Tbk.,FINANCE,Bank
SFAN,Surya Fajar Capital Tbk.,TRADE, SEVICES & INVESTMENT,Others Trade, Service & Investment
SGER,Sumber Global Energy Tbk.,TRADE, SEVICES & INVESTMENT,Wholesale (Durable Goods)
SGRO,Sampoerna Agro Tbk.,AGRICULTURE,Plantation
SHID,Hotel Sahid Jaya International Tbk.,TRADE, SEVICES & INVESTMENT,Restaurant, Hotel & Tourism
SHIP,Sillo Maritime Perdana Tbk.,INFRASTRUCTURE, UTILITIES & TRANSPORTAT,Transportation
SIAP,Sekawan Intipratama Tbk,MINING,Land/Stone Quarrying
SIDO,Industri Jamu dan Farmasi Sido Muncul Tbk.,CONSUMER GOODS INDUSTRY,Pharmaceuticals
SILO,Siloam International Hospitals Tbk.,TRADE, SEVICES & INVESTMENT,Health Care
SIMA,Siwani Makmur Tbk,TRADE, SEVICES & INVESTMENT,Others Trade, Service & Investment
SIMP,Salim Ivomas Pratama Tbk.,AGRICULTURE,Plantation
SINI,Singaraja Putra Tbk.,BASIC INDUSTRY AND CHEMICALS,Wood Industries
SIPD,Sierad Produce Tbk.,BASIC INDUSTRY AND CHEMICALS,Animal Feed
SKBM,Sekar Bumi Tbk.,CONSUMER GOODS INDUSTRY,Food and Beverages
SKLT,Sekar Laut Tbk.,CONSUMER GOODS INDUSTRY,Food and Beverages
SKRN,Superkrane Mitra Utama Tbk.,PROPERTY AND REAL ESTATE,Building Construction
SKYB,Northcliff Citranusa Indonesia Tbk.,TRADE, SEVICES & INVESTMENT,Retail Trade
SLIS,Gaya Abadi Sempurna Tbk.,MISCELLANEOUS INDUSTRY,Electronics
SMAR,Smart Tbk.,AGRICULTURE,Plantation
SMBR,Semen Baturaja (Persero) Tbk.,BASIC INDUSTRY AND CHEMICALS,Cement
SMCB,Solusi Bangun Indonesia Tbk.,BASIC INDUSTRY AND CHEMICALS,Cement
SMDM,Suryamas Dutamakmur Tbk.,PROPERTY AND REAL ESTATE,Property and Real Estates
SMDR,Samudera Indonesia  Tbk.,INFRASTRUCTURE, UTILITIES & TRANSPORTAT,Transportation
SMGR,Semen Indonesia (Persero) Tbk.,BASIC INDUSTRY AND CHEMICALS,Cement
SMKL,Satyamitra Kemas Lestari Tbk.,BASIC INDUSTRY AND CHEMICALS,Plastics
SMMA,Sinarmas Multiartha Tbk.,FINANCE,Others Finance
SMMT,Golden Eagle Energy Tbk.,MINING,Coal Mining
SMRA,Summarecon Agung Tbk.,PROPERTY AND REAL ESTATE,Property and Real Estates
SMRU,SMR Utama Tbk.,MINING,Coal Mining
SMSM,Selamat Sempurna Tbk.,MISCELLANEOUS INDUSTRY,Automotive and Components
SOBI,Sorini Agro Asia Corporindo Tbk.,BASIC INDUSTRY AND CHEMICALS,Chemicals
SOCI,Soechi Lines Tbk.,INFRASTRUCTURE, UTILITIES & TRANSPORTAT,Transportation
SOFA,Boston Furniture Industries Tbk.,CONSUMER GOODS INDUSTRY,Houseware
SOHO,Soho Global Health Tbk.,CONSUMER GOODS INDUSTRY,Pharmaceuticals
SONA,Sona Topas Tourism Industry Tbk.,TRADE, SEVICES & INVESTMENT,Retail Trade
SOSS,Shield On Service Tbk.,TRADE, SEVICES & INVESTMENT,Others Trade, Service & Investment
SOTS,Satria Mega Kencana Tbk.,TRADE, SEVICES & INVESTMENT,Restaurant, Hotel & Tourism
SPMA,Suparma Tbk.,BASIC INDUSTRY AND CHEMICALS,Pulp and Paper
SPTO,Surya Pertiwi Tbk.,TRADE, SEVICES & INVESTMENT,Wholesale (Durable Goods)
SQMI,Wilton Makmur Indonesia Tbk.,TRADE, SEVICES & INVESTMENT,Wholesale (Durable Goods)
SRAJ,Sejahteraraya Anugrahjaya Tbk.,TRADE, SEVICES & INVESTMENT,Health Care
SRIL,Sri Rejeki Isman Tbk.,MISCELLANEOUS INDUSTRY,Textile, Garment
SRSN,Indo Acidatama Tbk,BASIC INDUSTRY AND CHEMICALS,Chemicals
SRTG,Saratoga Investama Sedaya Tbk.,TRADE, SEVICES & INVESTMENT,Investment Company
SSIA,Surya Semesta Internusa Tbk.,PROPERTY AND REAL ESTATE,Building Construction
SSMS,Sawit Sumbermas Sarana Tbk.,AGRICULTURE,Plantation
SSTM,Sunson Textile Manufacture Tbk,MISCELLANEOUS INDUSTRY,Textile, Garment
STAR,Buana Artha Anugerah Tbk.,MISCELLANEOUS INDUSTRY,Textile, Garment
STTP,Siantar Top Tbk.,CONSUMER GOODS INDUSTRY,Food and Beverages
SUGI,Sugih Energy Tbk.,TRADE, SEVICES & INVESTMENT,Wholesale (Durable Goods)
SULI,SLJ Global Tbk.,BASIC INDUSTRY AND CHEMICALS,Wood Industries
SUPR,Solusi Tunas Pratama Tbk.,INFRASTRUCTURE, UTILITIES & TRANSPORTAT,Construction
SURE,Super Energy Tbk.,MINING,Crude Petroleum & Natural Gas Production
SWAT,Sriwahana Adityakarta Tbk.,BASIC INDUSTRY AND CHEMICALS,Pulp and Paper
TALF,Tunas Alfin Tbk.,BASIC INDUSTRY AND CHEMICALS,Plastics
TAMA,Lancartama Sejati Tbk.,PROPERTY AND REAL ESTATE,Building Construction
TAMU,Pelayaran Tamarin Samudra Tbk.,INFRASTRUCTURE, UTILITIES & TRANSPORTAT,Transportation
TARA,Sitara Propertindo Tbk.,PROPERTY AND REAL ESTATE,Property and Real Estates
TAXI,Express Transindo Utama Tbk.,INFRASTRUCTURE, UTILITIES & TRANSPORTAT,Transportation
TBIG,Tower Bersama Infrastructure Tbk.,INFRASTRUCTURE, UTILITIES & TRANSPORTAT,Construction
TBLA,Tunas Baru Lampung Tbk.,CONSUMER GOODS INDUSTRY,Food and Beverages
TBMS,Tembaga Mulia Semanan Tbk.,BASIC INDUSTRY AND CHEMICALS,Metaland Allied Products
TCID,Mandom Indonesia Tbk.,CONSUMER GOODS INDUSTRY,Cosmetics and Household
TCPI,Transcoal Pacific Tbk.,INFRASTRUCTURE, UTILITIES & TRANSPORTAT,Transportation
TDPM,Tridomain Performance Materials Tbk.,BASIC INDUSTRY AND CHEMICALS,Chemicals
TEBE,Dana Brata Luhur Tbk.,INFRASTRUCTURE, UTILITIES & TRANSPORTAT,Toll Road, Airport, Harbor & Allied Prod
TECH,Indosterling Technomedia Tbk.,TRADE, SEVICES & INVESTMENT,Computer and Services
TELE,Tiphone Mobile Indonesia Tbk.,TRADE, SEVICES & INVESTMENT,Retail Trade
TFAS,Telefast Indonesia Tbk.,TRADE, SEVICES & INVESTMENT,Wholesale (Durable Goods)
TFCO,Tifico Fiber Indonesia Tbk.,MISCELLANEOUS INDUSTRY,Textile, Garment
TGKA,Tigaraksa Satria Tbk.,TRADE, SEVICES & INVESTMENT,Wholesale (Durable Goods)
TGRA,Terregra Asia Energy Tbk.,INFRASTRUCTURE, UTILITIES & TRANSPORTAT,Energy
TIFA,KDB Tifa Finance Tbk.,FINANCE,Financial Institution
TINS,Timah Tbk.,MINING,Metal & Mineral Mining
TIRA,Tira Austenite Tbk,TRADE, SEVICES & INVESTMENT,Wholesale (Durable Goods)
TIRT,Tirta Mahakam Resources Tbk,BASIC INDUSTRY AND CHEMICALS,Wood Industries
TKGA,Permata Prima Sakti Tbk.,MINING,Coal Mining
TKIM,Pabrik Kertas Tjiwi Kimia Tbk.,BASIC INDUSTRY AND CHEMICALS,Pulp and Paper
TLKM,Telekomunikasi Indonesia (Persero) Tbk.,INFRASTRUCTURE, UTILITIES & TRANSPORTAT,Telecomunication
TMAS,Temas Tbk.,INFRASTRUCTURE, UTILITIES & TRANSPORTAT,Transportation
TMPI,Sigmagold Inti Perkasa Tbk.,TRADE, SEVICES & INVESTMENT,Wholesale (Durable Goods)
TMPO,Tempo Intimedia Tbk.,TRADE, SEVICES & INVESTMENT,Advertising, Printing and Media
TNCA,Trimuda Nuansa Citra Tbk.,INFRASTRUCTURE, UTILITIES & TRANSPORTAT,Transportation
TOBA,Toba Bara Sejahtra Tbk.,MINING,Coal Mining
TOPS,Totalindo Eka Persada Tbk.,PROPERTY AND REAL ESTATE,Building Construction
TOTL,Total Bangun Persada Tbk.,PROPERTY AND REAL ESTATE,Building Construction
TOTO,Surya Toto Indonesia Tbk.,BASIC INDUSTRY AND CHEMICALS,Ceramics, Glass, Porcelain
TOWR,Sarana Menara Nusantara Tbk.,INFRASTRUCTURE, UTILITIES & TRANSPORTAT,Construction
TOYS,Sunindo Adipersada Tbk.,CONSUMER GOODS INDUSTRY,Others Consumer Goods
TPIA,Chandra Asri Petrochemical Tbk.,BASIC INDUSTRY AND CHEMICALS,Chemicals
TPMA,Trans Power Marine Tbk.,INFRASTRUCTURE, UTILITIES & TRANSPORTAT,Transportation
TRAM,Trada Alam Minera Tbk.,MINING,Coal Mining
TRIL,Triwira Insanlestari Tbk.,TRADE, SEVICES & INVESTMENT,Wholesale (Durable Goods)
TRIM,Trimegah Sekuritas Indonesia Tbk.,FINANCE,Securities Company
TRIN,Perintis Triniti Properti Tbk.,PROPERTY AND REAL ESTATE,Property and Real Estates
TRIO,Trikomsel Oke Tbk.,TRADE, SEVICES & INVESTMENT,Retail Trade
TRIS,Trisula International Tbk.,MISCELLANEOUS INDUSTRY,Textile, Garment
TRJA,Transkon Jaya Tbk.,INFRASTRUCTURE, UTILITIES & TRANSPORTAT,Transportation
TRST,Trias Sentosa Tbk.,BASIC INDUSTRY AND CHEMICALS,Plastics
TRUK,Guna Timur Raya Tbk.,INFRASTRUCTURE, UTILITIES & TRANSPORTAT,Transportation
TRUS,Trust Finance Indonesia Tbk,FINANCE,Financial Institution
TSPC,Tempo Scan Pacific Tbk.,CONSUMER GOODS INDUSTRY,Pharmaceuticals
TUGU,Asuransi Tugu Pratama Indonesia Tbk.,FINANCE,Insurance
TURI,Tunas Ridean Tbk.,TRADE, SEVICES & INVESTMENT,Wholesale (Durable Goods)
UANG,Pakuan Tbk.,TRADE, SEVICES & INVESTMENT,Restaurant, Hotel & Tourism
UCID,Uni-Charm Indonesia Tbk.,MISCELLANEOUS INDUSTRY,Textile, Garment
ULTJ,Ultra Jaya Milk Industry & Trading Company, Tbk.,CONSUMER GOODS INDUSTRY,Food and Beverages
UNIC,Unggul Indah Cahaya Tbk.,BASIC INDUSTRY AND CHEMICALS,Chemicals
UNIT,Nusantara Inti Corpora Tbk,MISCELLANEOUS INDUSTRY,Textile, Garment
UNSP,Bakrie Sumatera Plantations Tbk.,AGRICULTURE,Plantation
UNTR,United Tractors Tbk.,TRADE, SEVICES & INVESTMENT,Wholesale (Durable Goods)
UNVR,Unilever Indonesia Tbk.,CONSUMER GOODS INDUSTRY,Cosmetics and Household
URBN,Urban Jakarta Propertindo Tbk.,PROPERTY AND REAL ESTATE,Property and Real Estates
VICO,Victoria Investama Tbk.,FINANCE,Others Finance
VINS,Victoria Insurance Tbk.,FINANCE,Insurance
VIVA,Visi Media Asia Tbk.,TRADE, SEVICES & INVESTMENT,Advertising, Printing and Media
VOKS,Voksel Electric Tbk.,MISCELLANEOUS INDUSTRY,Cable
VRNA,Verena Multi Finance Tbk.,FINANCE,Financial Institution
WAPO,Wahana Pronatural Tbk.,TRADE, SEVICES & INVESTMENT,Wholesale (Durable Goods)
WEGE,Wijaya Karya Bangunan Gedung Tbk.,PROPERTY AND REAL ESTATE,Building Construction
WEHA,WEHA Transportasi Indonesia Tbk.,INFRASTRUCTURE, UTILITIES & TRANSPORTAT,Transportation
WICO,Wicaksana Overseas International Tbk.,TRADE, SEVICES & INVESTMENT,Wholesale (Durable Goods)
WIIM,Wismilak Inti Makmur Tbk.,CONSUMER GOODS INDUSTRY,Tobacco Manufacturers
WIKA,Wijaya Karya (Persero) Tbk.,PROPERTY AND REAL ESTATE,Building Construction
WINS,Wintermar Offshore Marine Tbk.,INFRASTRUCTURE, UTILITIES & TRANSPORTAT,Transportation
WOMF,Wahana Ottomitra Multiartha Tbk.,FINANCE,Financial Institution
WOOD,Integra Indocabinet Tbk.,CONSUMER GOODS INDUSTRY,Houseware
WOWS,Ginting Jaya Energi Tbk.,MINING,Crude Petroleum & Natural Gas Production
WSBP,Waskita Beton Precast Tbk.,BASIC INDUSTRY AND CHEMICALS,Cement
WSKT,Waskita Karya (Persero) Tbk.,PROPERTY AND REAL ESTATE,Building Construction
WTON,Wijaya Karya Beton Tbk.,BASIC INDUSTRY AND CHEMICALS,Cement
XAFA,Reksa Dana Avrist ETF Fixed Rate Bond I,FINANCE,Investment Fund/Mutual Fund
XAQA,Reksa Dana Ashmore ETF LQ45 ALPHA,FINANCE,Investment Fund/Mutual Fund
XASG,Reksa Dana Indeks Aurora ETF FTSE Indonesia ESG,FINANCE,Investment Fund/Mutual Fund
XBES,Reksa Dana Indeks BNI-AM ETF MSCI ESG Leaders Indonesia,FINANCE,Investment Fund/Mutual Fund
XBID,Reksa Dana Indeks Batavia IDX30 ETF,FINANCE,Investment Fund/Mutual Fund
XBIN,Reksa Dana Indeks Bahana ETF Bisnis - 27,FINANCE,Investment Fund/Mutual Fund
XBLQ,Reksa Dana Batavia Smart Liquid ETF,FINANCE,Investment Fund/Mutual Fund
XBNI,Reksa Dana Indeks BNI-AM Nusantara ETF MSCI Indonesia,FINANCE,Investment Fund/Mutual Fund
XBSK,Reksa Dana Indeks Batavia SRI-KEHATI ETF,FINANCE,Investment Fund/Mutual Fund
XCID,DIRE Ciptadana Properti Ritel Indonesia,FINANCE,Investment Fund/Mutual Fund
XCIS,DIRE Ciptadana Properti Perhotelan Padjajaran,FINANCE,Investment Fund/Mutual Fund
XCLQ,Reksa Dana Indeks Cipta ETF Index LQ45,FINANCE,Investment Fund/Mutual Fund
XDIF,Reksa Dana Danareksa ETF Indonesia Top 40,FINANCE,Financial Institution
XIHD,Reksa Dana Indeks Premier ETF IDX High Dividend 20,FINANCE,Investment Fund/Mutual Fund
XIIC,Reksa Dana Premier ETF Indonesia Consumer,FINANCE,Investment Fund/Mutual Fund
XIID,Reksa Dana Indeks Premier ETF Index IDX30,FINANCE,Investment Fund/Mutual Fund
XIIF,Reksa Dana Premier ETF Indonesia Financial,FINANCE,Investment Fund/Mutual Fund
XIIT,Reksa Dana Premier ETF IDX30,FINANCE,Investment Fund/Mutual Fund
XIJI,Reksa Dana Syariah Premier ETF JII,FINANCE,Investment Fund/Mutual Fund
XILV,RDI Insight ETF FTSE Indonesia Low Volatility Factor Index,FINANCE,Investment Fund/Mutual Fund
XIML,Reksa Dana Indeks Premier ETF MSCI Indonesia Large Cap,FINANCE,Investment Fund/Mutual Fund
XIPI,Reksa Dana Indeks Premier ETF PEFINDO i-Grade,FINANCE,Investment Fund/Mutual Fund
XISB,Reksa Dana Premier ETF Indonesia Sovereign Bonds,FINANCE,Investment Fund/Mutual Fund
XISC,Reksa Dana Premier ETF Indonesia Stated-Owned Companies,FINANCE,Investment Fund/Mutual Fund
XISI,Premier ETF SMinfra18,FINANCE,Investment Fund/Mutual Fund
XISR,Premier ETF SRI-KEHATI,FINANCE,Investment Fund/Mutual Fund
XKIV,Reksa Dana Indeks KISI IDX Value30 ETF,FINANCE,Investment Fund/Mutual Fund
XMIG,Reksa Dana Indeks Majoris Pefindo I-Grade ETF Indonesia,FINANCE,Investment Fund/Mutual Fund
XMJM,DINFRA TOLL ROAD MANDIRI-001,FINANCE,Investment Fund/Mutual Fund
XMTS,Reksa Dana ETF MNC36 Likuid,FINANCE,Investment Fund/Mutual Fund
XNVE,Reksa Dana Indeks Nusadana ETF IDX Value30,FINANCE,Investment Fund/Mutual Fund
XPCR,Reksa Dana PNM ETF CORE LQ45,FINANCE,Investment Fund/Mutual Fund
XPDV,Reksa Dana Pinnacle Core High Dividend ETF,FINANCE,Investment Fund/Mutual Fund
XPES,Reksa Dana Syariah KIK Pinnacle Enhanced Sharia ETF,FINANCE,Investment Fund/Mutual Fund
XPFT,Reksa Dana Indeks Pinnacle FTSE Indonesia ETF,FINANCE,Investment Fund/Mutual Fund
XPID,Reksa Dana Indeks Pinnacle IDX30 ETF,FINANCE,Investment Fund/Mutual Fund
XPLC,Reksa Dana Pinnacle Indonesia Large-Cap ETF,FINANCE,Investment Fund/Mutual Fund
XPLQ,Reksa Dana Pinnacle Enhanced Liquid ETF,FINANCE,Investment Fund/Mutual Fund
XPMI,ETF Phillip MSCI Indonesia Equity Index,FINANCE,Investment Fund/Mutual Fund
XPSG,Reksa Dana Pinnacle Indonesia ESG ETF,FINANCE,Investment Fund/Mutual Fund
XPTD,Reksa Dana Indeks Panin ETF IDX30 Dinamis,FINANCE,Investment Fund/Mutual Fund
XSBC,Reksa Dana Indeks Simas ETF IDX30,FINANCE,Investment Fund/Mutual Fund
XSMU,RD Syailendra ETF MSCI Indonesia ESG Universal Index,FINANCE,Investment Fund/Mutual Fund
XSPI,DIRE Simas Plaza Indonesia,FINANCE,Investment Fund/Mutual Fund
XSRI,Reksa Dana Indeks STAR ETF SRI-KEHATI,FINANCE,Investment Fund/Mutual Fund
XSSI,Reksa Dana Syariah Indeks Simas ETF JII,FINANCE,Investment Fund/Mutual Fund
XSSK,Reksa Dana Indeks SAM ETF SRI-KEHATI,FINANCE,Investment Fund/Mutual Fund
YELO,Yelooo Integra Datanet Tbk.,TRADE, SEVICES & INVESTMENT,Others Trade, Service & Investment
YPAS,Yanaprima Hastapersada Tbk,BASIC INDUSTRY AND CHEMICALS,Plastics
YULE,Yulie Sekuritas Indonesia Tbk.,FINANCE,Securities Company
ZBRA,Zebra Nusantara Tbk,TRADE, SEVICES & INVESTMENT,Wholesale (Durable Goods)
ZINC,Kapuas Prima Coal Tbk.,MINING,Metal & Mineral Mining
ZONE,Mega Perintis Tbk.,MISCELLANEOUS INDUSTRY,Textile, Garment
